<?xml version="1.0" encoding="UTF-8"?>
<!DOCTYPE beans PUBLIC "-//SPRING//DTD BEAN 2.0//EN" "http://www.springframework.org/dtd/spring-beans-2.0.dtd">

<beans>
    <bean id="dog3" class="ee4216.springbootdi.inside.Dog" scope="singleton"/> 
    <bean id="cat3" class="ee4216.springbootdi.outside.Cat" /> 
    <bean id="zoo3" class="ee4216.springbootdi.inside.Zoo" > 
        <constructor-arg ref="dog3" /> 
    </bean>
    <bean id="zoo3_1" class="ee4216.springbootdi.inside.Zoo" > 
        <property name="animal" ref="dog3" /> 
    </bean>
</beans>

